epoch,eval_accuracy,eval_f1,eval_loss,eval_precision,eval_recall,eval_runtime,eval_samples_per_second,eval_steps_per_second,step
1.0,0.8782918149466192,0.8744660864057805,0.3634015619754791,0.8836219100574568,0.8782918149466192,11.6452,120.651,1.889,88
2.0,0.9145907473309609,0.9140085897209633,0.26727908849716187,0.9139797963634435,0.9145907473309609,17.5228,80.181,1.256,176
3.0,0.9103202846975089,0.908258719585911,0.27705103158950806,0.9088026208203444,0.9103202846975089,14.4179,97.449,1.526,264
4.0,0.9131672597864768,0.9136448220071486,0.28365227580070496,0.914914454768175,0.9131672597864768,14.8729,94.467,1.479,352
5.0,0.9174377224199288,0.9177727543369394,0.29993316531181335,0.9187560969447498,0.9174377224199288,15.8745,88.507,1.386,440
