epoch,eval_accuracy,eval_f1,eval_loss,eval_precision,eval_recall,eval_runtime,eval_samples_per_second,eval_steps_per_second,step
1.0,0.9715302491103203,0.9713909189148552,0.0928146168589592,0.9717731484402875,0.9715302491103203,6.8595,204.826,3.207,88
2.0,0.9743772241992883,0.9743878351224917,0.07766935229301453,0.9744026836936631,0.9743772241992883,9.2483,151.921,2.379,176
3.0,0.9779359430604982,0.9778738071559793,0.07213370501995087,0.9779937397518202,0.9779359430604982,11.384,123.419,1.933,264
4.0,0.9765124555160143,0.9765075475585255,0.08584876358509064,0.9765037042742749,0.9765124555160143,11.7996,119.072,1.864,352
