epoch,learning_rate,loss,step,eval_accuracy,eval_f1,eval_loss,eval_precision,eval_recall,eval_runtime,eval_samples_per_second,eval_steps_per_second
1.0,3.52e-05,1.2785,352,,,,,,,,
1.0,,,352,0.6846975088967971,0.6426294686502827,0.8729309439659119,0.7148858892332723,0.6846975088967971,8.281,169.665,2.657
2.0,3.876651982378855e-05,0.7239,704,,,,,,,,
2.0,,,704,0.79644128113879,0.769933184794011,0.6056646108627319,0.8009160781448212,0.79644128113879,8.2713,169.863,2.66
3.0,1.9383259911894274e-05,0.4436,1056,,,,,,,,
3.0,,,1056,0.8213523131672598,0.8127437173496793,0.5298664569854736,0.8220276602921857,0.8213523131672598,8.2915,169.451,2.653
4.0,0.0,0.261,1408,,,,,,,,
4.0,,,1408,0.8498220640569395,0.8485583134287072,0.5466791987419128,0.8505540322058235,0.8498220640569395,8.3118,169.036,2.647
