epoch,eval_accuracy,eval_f1,eval_loss,eval_precision,eval_recall,eval_runtime,eval_samples_per_second,eval_steps_per_second,step
1.0,0.9665480427046264,0.9646810972908246,0.12423890829086304,0.9661189756975556,0.9665480427046264,7.2085,194.91,3.052,88
2.0,0.9715302491103203,0.9716089279616364,0.09379907697439194,0.9716965504278298,0.9715302491103203,7.6086,184.659,2.891,176
3.0,0.9686832740213523,0.969263296026504,0.09706438332796097,0.9702520218675005,0.9686832740213523,7.3547,191.034,2.991,264
4.0,0.9722419928825623,0.9722032092895065,0.12669703364372253,0.9721667031590415,0.9722419928825623,7.6401,183.899,2.88,352
5.0,0.9722419928825623,0.9721247732881529,0.12846525013446808,0.9720282636025487,0.9722419928825623,7.5304,186.576,2.921,440
