epoch,eval_accuracy,eval_f1,eval_loss,eval_precision,eval_recall,eval_runtime,eval_samples_per_second,eval_steps_per_second,step
1.0,0.9701067615658363,0.9699604648605978,0.08572917431592941,0.9703348180179837,0.9701067615658363,7.2271,194.408,3.044,88
2.0,0.9779359430604982,0.9779405256069966,0.07344318181276321,0.977946172911262,0.9779359430604982,7.4875,187.646,2.938,176
3.0,0.9779359430604982,0.9779220274659632,0.07751063257455826,0.9779177259132263,0.9779359430604982,7.6069,184.701,2.892,264
4.0,0.9822064056939501,0.9821875886576124,0.08180109411478043,0.9821956580794087,0.9822064056939501,7.5926,185.049,2.898,352
5.0,0.9807829181494662,0.9807707981155163,0.09158092737197876,0.9807683247678043,0.9807829181494662,7.5151,186.957,2.927,440
