epoch,eval_accuracy,eval_f1,eval_loss,eval_precision,eval_recall,eval_runtime,eval_samples_per_second,eval_steps_per_second,step
1.0,0.9836298932384342,0.9831268373363017,0.05528327077627182,0.9828006785583112,0.9836298932384342,91.0034,15.439,0.242,88
2.0,0.9871886120996441,0.9859402031327117,0.05353809520602226,0.9865926494493934,0.9871886120996441,91.0305,15.434,0.242,176
3.0,0.9871886120996441,0.9870370719183967,0.0544700101017952,0.9869143430709266,0.9871886120996441,90.8678,15.462,0.242,264
4.0,0.9871886120996441,0.9873328785737124,0.055540766566991806,0.987503764692403,0.9871886120996441,89.8598,15.635,0.245,352
5.0,0.9864768683274021,0.9865539348522065,0.06000601872801781,0.9866376869822202,0.9864768683274021,89.7425,15.656,0.245,440
