epoch,eval_accuracy,eval_f1,eval_loss,eval_precision,eval_recall,eval_runtime,eval_samples_per_second,eval_steps_per_second,step
1.0,0.9665480427046264,0.9663603689090483,0.09755297005176544,0.9668439220156703,0.9665480427046264,9.249,151.908,2.379,88
2.0,0.9793594306049822,0.9793551175514317,0.0788072720170021,0.9793518727852072,0.9793594306049822,11.731,119.768,1.875,176
3.0,0.9736654804270463,0.9736031002461927,0.07965809106826782,0.9736701823889775,0.9736654804270463,7.3834,190.292,2.98,264
4.0,0.9758007117437723,0.9757803004698571,0.09647736698389053,0.975776951338872,0.9758007117437723,7.5509,186.07,2.914,352
5.0,0.9765124555160143,0.9765173337106736,0.10324297845363617,0.9765232748625113,0.9765124555160143,7.3018,192.417,3.013,440
