epoch,grad_norm,learning_rate,loss,step,eval_accuracy,eval_f1,eval_loss,eval_precision,eval_recall,eval_runtime,eval_samples_per_second,eval_steps_per_second
1.0,150.5487060546875,3.52e-06,0.5607,352,,,,,,,,
1.0,,,,352,0.8120996441281139,0.8093057579323413,0.41753578186035156,0.8097220977938678,0.8120996441281139,8.2344,170.625,2.672
2.0,65.14292907714844,3.876651982378855e-06,0.3896,704,,,,,,,,
2.0,,,,704,0.8797153024911032,0.8794835699619068,0.3123851716518402,0.8793285516560311,0.8797153024911032,8.1492,172.41,2.7
3.0,4.678092956542969,1.9383259911894276e-06,0.2733,1056,,,,,,,,
3.0,,,,1056,0.8832740213523131,0.8810498200500678,0.3270568549633026,0.8843443240347345,0.8832740213523131,8.1835,171.687,2.688
4.0,52.31372833251953,0.0,0.2094,1408,,,,,,,,
4.0,,,,1408,0.898220640569395,0.8976496330637002,0.2936413884162903,0.8976931204740793,0.898220640569395,8.1596,172.19,2.696
