Accuracy,Precision,Recall,F1 Score
0.9406405693950178,0.940522525255557,0.9406405693950178,0.9403869414505566
