,precision,recall,f1-score,support
0,0.9350912778904665,0.899687743950039,0.9170479411179631,2562.0
1,0.943640350877193,0.9641496751064307,0.9537847722486978,4463.0
accuracy,0.9406405693950178,0.9406405693950178,0.9406405693950178,0.9406405693950178
macro avg,0.9393658143838297,0.9319187095282349,0.9354163566833305,7025.0
weighted avg,0.940522525255557,0.9406405693950178,0.9403869414505566,7025.0
