epoch,learning_rate,loss,step,eval_accuracy,eval_f1,eval_loss,eval_precision,eval_recall,eval_runtime,eval_samples_per_second,eval_steps_per_second
0.71,4.11095305832148e-05,0.227,500,,,,,,,,
1.0,,,703,0.9629893238434164,0.9626806781241692,0.15533432364463806,0.963772254225365,0.9629893238434164,4.6524,301.994,37.83
1.42,3.2219061166429585e-05,0.1183,1000,,,,,,,,
2.0,,,1406,0.9765124555160143,0.9765173337106736,0.1283762902021408,0.9765232748625113,0.9765124555160143,4.7432,296.214,37.106
2.13,2.3328591749644383e-05,0.0873,1500,,,,,,,,
2.84,1.4438122332859174e-05,0.0453,2000,,,,,,,,
3.0,,,2109,0.9743772241992883,0.9743556122622016,0.1369524896144867,0.9743510333979888,0.9743772241992883,4.6913,299.489,37.516
3.56,5.547652916073969e-06,0.02,2500,,,,,,,,
4.0,,,2812,0.9758007117437723,0.9758007117437723,0.15669932961463928,0.9758007117437723,0.9758007117437723,4.7726,294.386,36.877
