,precision,recall,f1-score,support
False,0.7987890079180252,0.6693989071038251,0.7283924400084943,2562.0
True,0.8263632636326363,0.9032041227873627,0.8630767583770476,4463.0
accuracy,0.8179359430604982,0.8179359430604982,0.8179359430604982,0.8179359430604982
macro avg,0.8125761357753307,0.7863015149455939,0.7957345991927709,7025.0
weighted avg,0.8163070012638344,0.8179359430604982,0.8139577229805731,7025.0
