Accuracy,Precision,Recall,F1 Score
0.8179359430604982,0.8163070012638344,0.8179359430604982,0.8139577229805731
