epoch,grad_norm,learning_rate,loss,step,eval_accuracy,eval_f1,eval_loss,eval_precision,eval_recall,eval_runtime,eval_samples_per_second,eval_steps_per_second
1.0,59.571929931640625,3.52e-06,0.5463,352,,,,,,,,
1.0,,,,352,0.8185053380782918,0.8187643971977587,0.4005943536758423,0.8190656052469624,0.8185053380782918,8.133,172.753,2.705
2.0,93.43916320800781,3.876651982378855e-06,0.3924,704,,,,,,,,
2.0,,,,704,0.8626334519572953,0.8648412547978956,0.33576130867004395,0.8786340445153631,0.8626334519572953,8.0575,174.372,2.73
3.0,71.47907257080078,1.9383259911894276e-06,0.2809,1056,,,,,,,,
3.0,,,,1056,0.8918149466192171,0.8901435264424589,0.34529533982276917,0.8923463322837286,0.8918149466192171,8.0754,173.985,2.724
4.0,38.57025146484375,0.0,0.2104,1408,,,,,,,,
4.0,,,,1408,0.8975088967971531,0.8969091537934345,0.3025011718273163,0.8969739567345317,0.8975088967971531,8.0995,173.468,2.716
