Accuracy,Precision,Recall,F1 Score
0.9373665480427046,0.9371884456401971,0.9373665480427046,0.9371651425640785
