epoch,grad_norm,learning_rate,loss,step,eval_accuracy,eval_f1,eval_loss,eval_precision,eval_recall,eval_runtime,eval_samples_per_second,eval_steps_per_second
1.0,69.36241149902344,3.52e-06,0.5496,352,,,,,,,,
1.0,,,,352,0.8170818505338078,0.8185678960577499,0.40028515458106995,0.8217610547097121,0.8170818505338078,8.2952,169.375,2.652
2.0,113.88053131103516,3.876651982378855e-06,0.3926,704,,,,,,,,
2.0,,,,704,0.8740213523131672,0.8739418987572736,0.3264978528022766,0.8738708677211314,0.8740213523131672,8.1604,172.174,2.696
3.0,114.32350158691406,1.9383259911894276e-06,0.2852,1056,,,,,,,,
3.0,,,,1056,0.8911032028469751,0.8889944356995475,0.3684645891189575,0.8926258226218545,0.8911032028469751,8.2002,171.337,2.683
4.0,55.702091217041016,0.0,0.2138,1408,,,,,,,,
4.0,,,,1408,0.8975088967971531,0.8974659336064463,0.3043910562992096,0.8974268306897303,0.8975088967971531,8.1815,171.73,2.689
