Accuracy,Precision,Recall,F1 Score
0.9423487544483986,0.942247098742032,0.9423487544483986,0.9422829892294569
