,precision,recall,f1-score,support
False,0.8259278619968635,0.6167056986729118,0.706145251396648,2562.0
True,0.8079029733959311,0.9253865113152588,0.86266318537859,4463.0
accuracy,0.8128113879003559,0.8128113879003559,0.8128113879003559,0.8128113879003559
macro avg,0.8169154176963973,0.7710461049940853,0.784404218387619,7025.0
weighted avg,0.8144766053668335,0.8128113879003559,0.8055814847577024,7025.0
