Accuracy,Precision,Recall,F1 Score
0.8128113879003559,0.8144766053668335,0.8128113879003559,0.8055814847577024
