epoch,grad_norm,learning_rate,loss,step,eval_accuracy,eval_f1,eval_loss,eval_precision,eval_recall,eval_runtime,eval_samples_per_second,eval_steps_per_second
1.0,110.89784240722656,3.52e-06,0.558,352,,,,,,,,
1.0,,,,352,0.8135231316725978,0.8129559055549683,0.38849732279777527,0.8125581177602308,0.8135231316725978,8.0649,174.211,2.728
2.0,114.39351654052734,3.876651982378855e-06,0.3789,704,,,,,,,,
2.0,,,,704,0.8619217081850534,0.8588534762597536,0.34034937620162964,0.8627448238340718,0.8619217081850534,7.9854,175.945,2.755
3.0,51.02927017211914,1.9383259911894276e-06,0.2716,1056,,,,,,,,
3.0,,,,1056,0.8868327402135231,0.8864628248525869,0.30590176582336426,0.8863090294948237,0.8868327402135231,7.9877,175.895,2.754
4.0,11.758879661560059,0.0,0.2034,1408,,,,,,,,
4.0,,,,1408,0.8896797153024911,0.8890607910830315,0.3193754553794861,0.8890492702813806,0.8896797153024911,7.9838,175.981,2.756
