Accuracy,Precision,Recall,F1 Score
0.9265480427046263,0.926310345765911,0.9265480427046263,0.9263515573624204
