epoch,learning_rate,loss,step,eval_accuracy,eval_f1,eval_loss,eval_precision,eval_recall,eval_runtime,eval_samples_per_second,eval_steps_per_second
1.0,4.11095305832148e-05,0.2321,703,0.9629893238434164,0.9627181039766243,0.1375475823879242,0.9635489724600046,0.9629893238434164,5.6251,249.773,31.288
2.0,3.2219061166429585e-05,0.1354,1406,0.9750889679715302,0.975094141814351,0.11134015768766403,0.975100376813761,0.9750889679715302,6.0339,232.853,29.169
3.0,1.4438122332859174e-05,0.06192109,2000,0.9779359430604982,0.9779674365220804,0.11727352440357208,0.9780508568797,0.9779359430604982,6.002,234.091,29.324
4.0,5.547652916073969e-06,0.021,2812,0.9786476868327402,0.9786565292687431,0.12120023369789124,0.978669630921409,0.9786476868327402,6.1758,227.502,28.498
